INSERT INTO site(id,name,address,city,state,zipcode) VALUES
    (1,'Measurabl HQ','707 Broadway Suite 1000','San Diego','CA',92101)
    ,(2,'Arclight','4425 La Jolla Village Dr','San Diego','CA',92122)
    ,(3,'TGI Fridays','743 Fifth Ave','San Diego','CA',92101)
    ,(4,'Tavern+Bowl East Village','930 Market St','San Diego','CA',92101)
    ,(5,'Bellagio','3600 S Las Vegas Blvd','Las Vegas','NV',89109)
    ,(6,'Petco Park','100 Park Blvd','San Diego','CA',92101);

INSERT INTO use_type(id,name) VALUES
    (1,'Banking/Financial Services')
    ,(2,'Bank Branch')
    ,(3,'Other - Banking/Financial Services')
    ,(4,'Data Center')
    ,(5,'Education')
    ,(6,'Adult Education')
    ,(7,'College/University')
    ,(8,'K-12 School')
    ,(9,'Pre-school/Daycare')
    ,(10,'Vocational School')
    ,(11,'Other - Education')
    ,(12,'Food Sales & Service')
    ,(13,'Cafeteria')
    ,(14,'Food Sales')
    ,(15,'Food Service')
    ,(16,'Restaurant/Bar')
    ,(17,'Fast Food Restaurant')
    ,(18,'Restaurant')
    ,(19,'Other - Restaurant/Bar')
    ,(20,'Supermarket/Grocery Store')
    ,(21,'Wholesale Club/Supercenter')
    ,(22,'Other - Food Sales & Service')
    ,(23,'Healthcare')
    ,(24,'Ambulatory Surgical Center')
    ,(25,'Hospital')
    ,(26,'General Medical & Surgical Hospital')
    ,(27,'Other - Specialty Hospital')
    ,(28,'Outpatient Rehabilitation/Physical Therapy')
    ,(29,'Urgent Care/Clinic/Other Outpatient')
    ,(30,'Other - Healthcare')
    ,(31,'Hotel')
    ,(32,'Laboratory')
    ,(33,'Leisure')
    ,(34,'Aquarium')
    ,(35,'Bar/Nightclub')
    ,(36,'Bowling Alley')
    ,(37,'Casino')
    ,(38,'Fitness Center/Health Club/Gym')
    ,(39,'Ice/Curling Rink')
    ,(40,'Movie Theater')
    ,(41,'Museum')
    ,(42,'Performing Arts')
    ,(43,'Roller Rink')
    ,(44,'Stadium')
    ,(45,'Closed Stadium')
    ,(46,'Indoor Arena')
    ,(47,'Open Stadium')
    ,(48,'Race Track')
    ,(49,'Other - Stadium')
    ,(50,'Swimming Pool')
    ,(51,'Zoo')
    ,(52,'Other - Leisure')
    ,(53,'Manufacturing/Industrial Plant')
    ,(54,'Office')
    ,(55,'Financial Office')
    ,(56,'Medical Office')
    ,(57,'Office')
    ,(58,'Veterinary Office')
    ,(59,'Other - Office')
    ,(60,'Indoor Parking')
    ,(61,'Public Assembly')
    ,(62,'Convention Center')
    ,(63,'Social/Meeting Hall')
    ,(64,'Other - Public Assembly')
    ,(65,'Public Services')
    ,(66,'Airport')
    ,(67,'Courthouse')
    ,(68,'Fire Station')
    ,(69,'Library')
    ,(70,'Mailing Center/Post Office')
    ,(71,'Police Station')
    ,(72,'Transportation Terminal/Station')
    ,(73,'Other - Public Services')
    ,(74,'Religious Worship Facility')
    ,(75,'Residential')
    ,(76,'Barracks')
    ,(77,'Multifamily Housing')
    ,(78,'1-4 stories - Multifamily Low-rise')
    ,(79,'5-10 stories - Multifamily Mid-rise')
    ,(80,'10+ stories - Multifamily High-rise')
    ,(81,'Other - Multifamily')
    ,(82,'Prison/Incarceration')
    ,(83,'Residential Care Facility')
    ,(84,'Residence Hall/Dormitory')
    ,(85,'Senior Care Community')
    ,(86,'Single Family Home')
    ,(87,'Other - Residential')
    ,(88,'Retail')
    ,(89,'Automobile Dealership')
    ,(90,'Convenience Store')
    ,(91,'Convenience Store with Gas Station')
    ,(92,'Convenience Store without Gas Station')
    ,(93,'Mall')
    ,(94,'Enclosed Mall')
    ,(95,'Lifestyle Center')
    ,(96,'Strip Mall')
    ,(97,'Other - Mall')
    ,(98,'Retail Store')
    ,(99,'Other - Retail')
    ,(100,'Utility')
    ,(101,'Drinking Water Treatment & Distribution')
    ,(102,'Energy/Power Station')
    ,(103,'Wastewater Treatment Plant')
    ,(104,'Other - Utility')
    ,(105,'Warehouse/Storage')
    ,(106,'Self-Storage Facility')
    ,(107,'Warehouse/Distribution Center')
    ,(108,'Distribution Center')
    ,(109,'Non-Refrigerated Warehouse')
    ,(110,'Refrigerated Warehouse')
    ,(111,'Other - Warehouse/Storage')
    ,(112,'Other');

INSERT INTO site_use(description,id,site_id,size_sqft,use_type_id) VALUES
    ('MSR Office - Suite 1',1,1,3000,54)
    ,('MSR Office - Suite 2',2,1,3000,54)
    ,('MSR Office - Suite 3',3,1,3000,54)
    ,('MSR Data Center',4,1,4000,4)
    ,('Theaters',5,2,50000,40)
    ,('Watering Hole',6,2,15000,16)
    ,('TGI Fridays',7,3,35000,16)
    ,('Bowling',8,4,20000,36)
    ,('Tavern',9,4,10000,16)
    ,('Gaming',10,5,1000000,37)
    ,('Unce Unce',11,5,50000,35)
    ,('Ball Park',12,6,560000,47);
